DUID,STATION,TECHNOLOGY,HEATRATE_GJ_PER_MWH
BW01,Bayswater,Steam Sub Critical,10.05
BW02,Bayswater,Steam Sub Critical,10.05
BW03,Bayswater,Steam Sub Critical,10.05
BW04,Bayswater,Steam Sub Critical,10.05
CALL_B_1,Callide B,Steam Sub Critical,10.07
CALL_B_2,Callide B,Steam Sub Critical,10.07
CPP_3,Callide C,Steam Super Critical,9.90
CPP_4,Callide C,Steam Super Critical,9.90
ER01,Eraring,Steam Sub Critical,10.16
ER02,Eraring,Steam Sub Critical,10.16
ER03,Eraring,Steam Sub Critical,10.16
ER04,Eraring,Steam Sub Critical,10.16
GSTONE1,Gladstone,Steam Sub Critical,10.30
GSTONE2,Gladstone,Steam Sub Critical,10.30
GSTONE3,Gladstone,Steam Sub Critical,10.30
GSTONE4,Gladstone,Steam Sub Critical,10.30
GSTONE5,Gladstone,Steam Sub Critical,10.30
GSTONE6,Gladstone,Steam Sub Critical,10.30
KPP_1,Kogan Creek,Steam Super Critical,9.67
MPP_1,Millmerran,Steam Super Critical,9.79
MPP_2,Millmerran,Steam Super Critical,9.79
MP1,Mt Piper,Steam Sub Critical,9.74
MP2,Mt Piper,Steam Sub Critical,9.74
STAN-1,Stanwell,Steam Sub Critical,9.96
STAN-2,Stanwell,Steam Sub Critical,9.96
STAN-3,Stanwell,Steam Sub Critical,9.96
STAN-4,Stanwell,Steam Sub Critical,9.96
TARONG#1,Tarong,Steam Sub Critical,10.01
TARONG#2,Tarong,Steam Sub Critical,10.01
TARONG#3,Tarong,Steam Sub Critical,10.01
TARONG#4,Tarong,Steam Sub Critical,10.01
TNPS1,Tarong North,Steam Super Critical,9.21
VP5,Vales Point B,Steam Sub Critical,10.19
VP6,Vales Point B,Steam Sub Critical,10.19
LYA1,Loy Yang A Power Station,Steam Sub Critical,13.37
LYA2,Loy Yang A Power Station,Steam Sub Critical,13.37
LYA3,Loy Yang A Power Station,Steam Sub Critical,13.37
LYA4,Loy Yang A Power Station,Steam Sub Critical,13.37
LOYYB1,Loy Yang B,Steam Sub Critical,13.63
LOYYB2,Loy Yang B,Steam Sub Critical,13.63
YWPS1,Yallourn W,Steam Sub Critical,15.44
YWPS2,Yallourn W,Steam Sub Critical,15.44
YWPS3,Yallourn W,Steam Sub Critical,15.44
YWPS4,Yallourn W,Steam Sub Critical,15.44
ANGAS1,Angaston,Reciprocating engine,13.10
ANGAS2,Angaston,Reciprocating engine,13.10
BDL01,Bairnsdale,OCGT,10.60
BDL02,Bairnsdale,OCGT,10.60
BARCALDN,Barcaldine Power Station,OCGT,12.85
BIPS1_01,Barker Inlet Power Station,Reciprocating engine,8.88
BIPS1_02,Barker Inlet Power Station,Reciprocating engine,8.88
BIPS1_03,Barker Inlet Power Station,Reciprocating engine,8.88
BIPS1_04,Barker Inlet Power Station,Reciprocating engine,8.88
BIPS1_05,Barker Inlet Power Station,Reciprocating engine,8.88
BIPS1_06,Barker Inlet Power Station,Reciprocating engine,8.88
BIPS1_07,Barker Inlet Power Station,Reciprocating engine,8.88
BIPS1_08,Barker Inlet Power Station,Reciprocating engine,8.88
BIPS1_09,Barker Inlet Power Station,Reciprocating engine,8.88
BIPS1_10,Barker Inlet Power Station,Reciprocating engine,8.88
BIPS1_11,Barker Inlet Power Station,Reciprocating engine,8.88
BIPS1_12,Barker Inlet Power Station,Reciprocating engine,8.88
BBTHREE1,Bell Bay Three,OCGT,12.41
BBTHREE2,Bell Bay Three,OCGT,12.41
BBTHREE3,Bell Bay Three,OCGT,12.41
BOLIVPS1_1,Bolivar Power Station,OCGT,10.65
BOLIVPS1_2,Bolivar Power Station,OCGT,10.65
BOLIVPS1_3,Bolivar Power Station,OCGT,10.65
BOLIVPS1_4,Bolivar Power Station,OCGT,10.65
BRAEMAR1,Braemar,OCGT,12.00
BRAEMAR2,Braemar,OCGT,12.00
BRAEMAR3,Braemar,OCGT,12.00
BRAEMAR5,Braemar 2 Power Station,OCGT,12.00
BRAEMAR6,Braemar 2 Power Station,OCGT,12.00
BRAEMAR7,Braemar 2 Power Station,OCGT,12.00
CG1,Colongra,OCGT,11.26
CG2,Colongra,OCGT,11.26
CG3,Colongra,OCGT,11.26
CG4,Colongra,OCGT,11.26
CPSA_GT1,Condamine A,CCGT - Gas Turbine,7.51
CPSA_GT2,Condamine A,CCGT - Gas Turbine,7.51
CPSA_ST,Condamine A,CCGT - Steam Turbine,7.51
DDPS1_GT1,Darling Downs,CCGT - Gas Turbine,7.85
DDPS1_GT2,Darling Downs,CCGT - Gas Turbine,7.85
DDPS1_GT3,Darling Downs,CCGT - Gas Turbine,7.85
DDPS1_ST,Darling Downs,CCGT - Steam Turbine,7.85
DRYCGT1,Dry Creek GT,OCGT,13.83
DRYCGT2,Dry Creek GT,OCGT,13.83
DRYCGT3,Dry Creek GT,OCGT,13.83
AGLHAL01,Hallett GT,OCGT,15.03
AGLHAL02,Hallett GT,OCGT,15.03
AGLHAL03,Hallett GT,OCGT,15.03
AGLHAL04,Hallett GT,OCGT,15.03
AGLHAL05,Hallett GT,OCGT,15.03
AGLHAL06,Hallett GT,OCGT,15.03
AGLHAL07,Hallett GT,OCGT,15.03
AGLHAL08,Hallett GT,OCGT,15.03
AGLHAL09,Hallett GT,OCGT,15.03
AGLHAL10,Hallett GT,OCGT,15.03
AGLHAL11,Hallett GT,OCGT,15.03
AGLHAL12,Hallett GT,OCGT,15.03
AGLHALRE,Hallett GT,OCGT,15.03
HEZ1,Hunter Economic Zone,Reciprocating engine,8.88
JLA01,Jeeralang A,OCGT,15.73
JLA02,Jeeralang A,OCGT,15.73
JLA03,Jeeralang A,OCGT,15.73
JLA04,Jeeralang A,OCGT,15.73
JLB01,Jeeralang B,OCGT,15.73
JLB02,Jeeralang B,OCGT,15.73
JLB03,Jeeralang B,OCGT,15.73
LADBROK1,Ladbroke Grove,OCGT,12.00
LADBROK2,Ladbroke Grove,OCGT,12.00
LNGS1,Laverton North,OCGT,11.86
LNGS2,Laverton North,OCGT,11.86
LONSDALE,Lonsdale,Reciprocating engine,8.10
MINTARO,Mintaro GT,OCGT,12.85
MORTLK11,Mortlake,OCGT,11.26
MORTLK12,Mortlake,OCGT,11.26
MSTUART1,Mt Stuart,OCGT,12.00
MSTUART2,Mt Stuart,OCGT,12.00
MSTUART3,Mt Stuart,OCGT,12.00
NPS,Newport,OCGT,10.83
OAKEY1,Oakey Power Station,OCGT,11.05
OAKEY2,Oakey Power Station,OCGT,11.05
OsborneGT,Osborne,CCGT - Gas Turbine,8.59
OsborneST,Osborne,CCGT - Steam Turbine,8.59
PPCCGTGT1,Pelican Point,CCGT - Gas Turbine,7.50
PPCCGTGT2,Pelican Point,CCGT - Gas Turbine,7.50
PPCCGTST,Pelican Point,CCGT - Steam Turbine,7.50
POR01-1,Port Lincoln GT,OCGT,13.93
POR01-2,Port Lincoln GT,OCGT,13.93
POR01-3,Port Lincoln GT,OCGT,13.93
PTSTAN1_1,Port Stanvac 1,Reciprocating engine,8.10
PTSTAN1_2,Port Stanvac 1,Reciprocating engine,8.10
QPS1,Quarantine,OCGT,11.28
QPS2,Quarantine,OCGT,11.28
QPS3,Quarantine,OCGT,11.28
QPS4,Quarantine,OCGT,11.28
QPS5,Quarantine,OCGT,11.28
ROMA_7,Roma,OCGT,12.00
ROMA_8,Roma,OCGT,12.00
SITHE01,Smithfield Energy Facility,OCGT,8.79
SNAPPER1_1,Snapper Point Power Station,OCGT,10.65
SNAPPER1_2,Snapper Point Power Station,OCGT,10.65
SNAPPER1_3,Snapper Point Power Station,OCGT,10.65
SNAPPER1_4,Snapper Point Power Station,OCGT,10.65
SNAPPER1_5,Snapper Point Power Station,OCGT,10.65
SNUG1,Snuggery,OCGT,13.85
SNUG2,Snuggery,OCGT,13.85
SNUG3,Snuggery,OCGT,13.85
AGLSOM01,Somerton,OCGT,15.03
AGLSOM02,Somerton,OCGT,15.03
AGLSOM03,Somerton,OCGT,15.03
AGLSOM04,Somerton,OCGT,15.03
SWAN_E,Swanbank E GT,CCGT,7.67
TALWA1,Tallawarra,CCGT,7.21
Tallawarra B,Tallawarra B,OCGT,10.93
TVCC201_GT,Tamar Valley Combined Cycle,CCGT - Gas Turbine,7.51
TVCC201_ST,Tamar Valley Combined Cycle,CCGT - Steam Turbine,7.51
TVPP104,Tamar Valley Peaking,OCGT,12.85
TORRB1,Torrens Island B,OCGT,11.28
TORRB2,Torrens Island B,OCGT,11.28
TORRB3,Torrens Island B,OCGT,11.28
TORRB4,Torrens Island B,OCGT,11.28
YABULU,Townsville Power Station,CCGT - Gas Turbine,7.83
YABULU2,Townsville Power Station,CCGT - Steam Turbine,7.83
URANQ11,Uranquinty,OCGT,11.26
URANQ12,Uranquinty,OCGT,11.26
URANQ13,Uranquinty,OCGT,11.26
URANQ14,Uranquinty,OCGT,11.26
VPGS1,Valley Power,OCGT,15.03
VPGS2,Valley Power,OCGT,15.03
VPGS3,Valley Power,OCGT,15.03
VPGS4,Valley Power,OCGT,15.03
VPGS5,Valley Power,OCGT,15.03
VPGS6,Valley Power,OCGT,15.03
YARWUN_1,Yarwun Cogen,CCGT,10.59
BARRON-1,Barron Gorge,Hydro,0.00
BARRON-2,Barron Gorge,Hydro,0.00
BASTYAN,Bastyan,Hydro,0.00
BLOWERNG,Blowering,Hydro,0.00
BOGONG1,Bogong / Mackay,Hydro,0.00
BOGONG2,Bogong / Mackay,Hydro,0.00
MCKAY11,Bogong / Mackay,Hydro,0.00
MCKAY12,Bogong / Mackay,Hydro,0.00
MCKAY13,Bogong / Mackay,Hydro,0.00
MCKAY14,Bogong / Mackay,Hydro,0.00
MCKAY15,Bogong / Mackay,Hydro,0.00
MCKAY16,Bogong / Mackay,Hydro,0.00
LI111-1,Catagunya / Liapootah / Wayatinah,Hydro,0.00
LI112-2,Catagunya / Liapootah / Wayatinah,Hydro,0.00
LI113-3,Catagunya / Liapootah / Wayatinah,Hydro,0.00
CA111-1,Catagunya / Liapootah / Wayatinah,Hydro,0.00
CA112-2,Catagunya / Liapootah / Wayatinah,Hydro,0.00
WY111-1,Catagunya / Liapootah / Wayatinah,Hydro,0.00
WY111-2,Catagunya / Liapootah / Wayatinah,Hydro,0.00
WY111-3,Catagunya / Liapootah / Wayatinah,Hydro,0.00
CETHANA,Cethana,Hydro,0.00
DARTM1,Dartmouth,Hydro,0.00
DEVILS_G,Devils Gate,Hydro,0.00
EILDON1,Eildon,Hydro,0.00
EILDON2,Eildon,Hydro,0.00
FISHER,Fisher,Hydro,0.00
GO181-1,Gordon,Hydro,0.00
GO182-2,Gordon,Hydro,0.00
GO183-3,Gordon,Hydro,0.00
GUTHEGA1,Guthega,Hydro,0.00
GUTHEGA2,Guthega,Hydro,0.00
HUMENSW,Hume Dam NSW,Hydro,0.00
HUMEV,Hume Dam VIC,Hydro,0.00
JBUTTERS,John Butters,Hydro,0.00
KAREEYA1,Kareeya,Hydro,0.00
KAREEYA2,Kareeya,Hydro,0.00
KAREEYA3,Kareeya,Hydro,0.00
KAREEYA4,Kareeya,Hydro,0.00
LK_ECHO,Lake Echo,Hydro,0.00
LM111-1,Lemonthyme / Wilmot,Hydro,0.00
WI111-1,Lemonthyme / Wilmot,Hydro,0.00
MACKNTSH,Mackintosh,Hydro,0.00
MEADOWBK,Meadowbank,Hydro,0.00
MURRAY01,Murray 1,Hydro,0.00
MURRAY02,Murray 1,Hydro,0.00
MURRAY03,Murray 1,Hydro,0.00
MURRAY04,Murray 1,Hydro,0.00
MURRAY05,Murray 1,Hydro,0.00
MURRAY06,Murray 1,Hydro,0.00
MURRAY07,Murray 1,Hydro,0.00
MURRAY08,Murray 1,Hydro,0.00
MURRAY09,Murray 1,Hydro,0.00
MURRAY10,Murray 1,Hydro,0.00
MURRAY11,Murray 2,Hydro,0.00
MURRAY12,Murray 2,Hydro,0.00
MURRAY13,Murray 2,Hydro,0.00
MURRAY14,Murray 2,Hydro,0.00
PO161-1,Poatina,Hydro,0.00
PO162-2,Poatina,Hydro,0.00
PO163-3,Poatina,Hydro,0.00
PO164-4,Poatina,Hydro,0.00
PO165-5,Poatina,Hydro,0.00
PO166-6,Poatina,Hydro,0.00
REECE1,Reece,Hydro,0.00
REECE2,Reece,Hydro,0.00
SHGEN01,Shoalhaven,Hydro,0.00
SHGEN02,Shoalhaven,Hydro,0.00
SHGEN03,Shoalhaven,Hydro,0.00
SHGEN04,Shoalhaven,Hydro,0.00
TA111-1,Tarraleah,Hydro,0.00
TA111-2,Tarraleah,Hydro,0.00
TA111-3,Tarraleah,Hydro,0.00
TA112-4,Tarraleah,Hydro,0.00
TA112-5,Tarraleah,Hydro,0.00
TA112-6,Tarraleah,Hydro,0.00
TR111-1,Trevallyn,Hydro,0.00
TR111-2,Trevallyn,Hydro,0.00
TR112-3,Trevallyn,Hydro,0.00
TR112-4,Trevallyn,Hydro,0.00
TRIBUTE,Tribute,Hydro,0.00
TUMUT3_01,Tumut 3,Hydro,0.00
TUMUT3_02,Tumut 3,Hydro,0.00
TUMUT3_03,Tumut 3,Hydro,0.00
TUMUT3_04,Tumut 3,Hydro,0.00
TUMUT3_05,Tumut 3,Hydro,0.00
TUMUT3_06,Tumut 3,Hydro,0.00
TU111-1,Tungatinah,Hydro,0.00
TU112-2,Tungatinah,Hydro,0.00
TU113-3,Tungatinah,Hydro,0.00
TU114-4,Tungatinah,Hydro,0.00
TU115-5,Tungatinah,Hydro,0.00
TUMUT1_01,Upper Tumut,Hydro,0.00
TUMUT1_02,Upper Tumut,Hydro,0.00
TUMUT1_03,Upper Tumut,Hydro,0.00
TUMUT1_04,Upper Tumut,Hydro,0.00
TUMUT2_01,Upper Tumut,Hydro,0.00
TUMUT2_02,Upper Tumut,Hydro,0.00
TUMUT2_03,Upper Tumut,Hydro,0.00
TUMUT2_04,Upper Tumut,Hydro,0.00
WKIEWA1_1,West Kiewa,Hydro,0.00
WKIEWA1_2,West Kiewa,Hydro,0.00
WKIEWA2_1,West Kiewa,Hydro,0.00
WKIEWA2_2,West Kiewa,Hydro,0.00
W/HOE#1,Wivenhoe,Hydro,0.00
W/HOE#2,Wivenhoe,Hydro,0.00
BANN1,Bannerton Solar Park,Large scale Solar PV,0.00
BERYLSF1,Beryl Solar Farm,Large scale Solar PV,0.00
BOWWPV1,Bolivar Waste Water Treatment Solar Farm,Large scale Solar PV,0.00
BOMENSF1,Bomen Solar Farm,Large scale Solar PV,0.00
BROKENH1,Broken Hill Solar Farm,Large scale Solar PV,0.00
BNGSF1,Bungala One Solar Farm,Large scale Solar PV,0.00
BNGSF2,Bungala Two Solar Farm,Large scale Solar PV,0.00
CHILDSF1,Childers Solar Farm,Large scale Solar PV,0.00
CLARESF1,Clare Solar Farm,Large scale Solar PV,0.00
CLERMSF1,Clermont Solar Farm,Large scale Solar PV,0.00
COLEASF1,Coleambally Solar Farm,Large scale Solar PV,0.00
CSPVPS1,Collinsville Solar Farm,Large scale Solar PV,0.00
DDSF1,Darling Downs Solar Farm,Large scale Solar PV,0.00
DARLSF1,Darlington Point Solar Farm,Large scale Solar PV,0.00
DAYDSF1,Daydream Solar Farm,Large scale Solar PV,0.00
EMERASF1,Emerald Solar Farm,Large scale Solar PV,0.00
FINLYSF1,Finley Solar Farm,Large scale Solar PV,0.00
GANNSF1,Gannawarra Solar Farm,Large scale Solar PV,0.00
GLENSF1,Glenrowan Solar Farm,Large scale Solar PV,0.00
GLRWNSF1,Glenrowan West Solar Farm,Large scale Solar PV,0.00
GOONSF1,Goonumbla Solar Farm,Large scale Solar PV,0.00
GULLRSF1,Gullen Range Solar Farm,Large scale Solar PV,0.00
GNNDHSF1,Gunnedah Solar Farm,Large scale Solar PV,0.00
HAMISF1,Hamilton Solar Farm,Large scale Solar PV,0.00
HVWWPV1,Happy Valley Reservoir,Large scale Solar PV,0.00
HAUGHT11,Haughton Solar Farm,Large scale Solar PV,0.00
HAYMSF1,Hayman Solar Farm,Large scale Solar PV,0.00
HILLSTN1,Hillston Sun Farm,Large scale Solar PV,0.00
HUGSF1,Hughenden Solar Farm,Large scale Solar PV,0.00
JEMALNG1,Jemalong Solar,Large scale Solar PV,0.00
JUNEESF1,Junee Solar Farm,Large scale Solar PV,0.00
KARSF1,Karadoc Solar Farm,Large scale Solar PV,0.00
KIAMSF1,Kiamal Solar Farm stage 1,Large scale Solar PV,0.00
KSP1,Kidston Solar Farm,Large scale Solar PV,0.00
LILYSF1,Lilyvale Solar Farm,Large scale Solar PV,0.00
LIMOSF11,Limondale Solar Farm 1,Large scale Solar PV,0.00
LIMOSF21,Limondale Solar Farm 2,Large scale Solar PV,0.00
LRSF1,Longreach Solar Farm,Large scale Solar PV,0.00
MANSLR1,Manildra Solar Farm,Large scale Solar PV,0.00
MAPS2PV1,Mannum Adelaide Pumping Station No 2 - MAPL2 (Palmer),Large scale Solar PV,0.00
MAPS3PV1,Mannum Adelaide Pumping Station No 3 - MAPL3 (Tungkillo),Large scale Solar PV,0.00
MARYRSF1,Maryrorough Solar Farm,Large scale Solar PV,0.00
MIDDLSF1,Middlemount Solar Farm,Large scale Solar PV,0.00
MOLNGSF1,Molong Solar Farm,Large scale Solar PV,0.00
MOREESF1,Moree Solar Farm,Large scale Solar PV,0.00
MWPS1PV1,Morgan To Whyalla Pipeline No 1 PS And Water Filtration Plant,Large scale Solar PV,0.00
MWPS2PV1,Morgan To Whyalla Pipeline No 2 PS,Large scale Solar PV,0.00
MWPS3PV1,Morgan To Whyalla Pipeline No 3 PS,Large scale Solar PV,0.00
MWPS4PV1,Morgan To Whyalla Pipeline No 4 PS,Large scale Solar PV,0.00
MOUSF1,Moura Solar Farm,Large scale Solar PV,0.00
MBPS2PV1,Murray Bridge - Onkaparinga Pipeline Pump 2,Large scale Solar PV,0.00
NEVERSF1,Nevertire Solar Farm,Large scale Solar PV,0.00
NEWENSF1,New England Solar Farm,Large scale Solar PV,0.00
NEWENSF2,New England Solar Farm,Large scale Solar PV,0.00
NUMURSF1,Numurkah Solar Farm,Large scale Solar PV,0.00
NYNGAN1,Nyngan Solar Plant,Large scale Solar PV,0.00
OAKEY1SF,Oakey 1 Solar Farm,Large scale Solar PV,0.00
OAKEY2SF,Oakey 2 Solar Farm,Large scale Solar PV,0.00
PARSF1,Parkes Solar Farm,Large scale Solar PV,0.00
PAREPS1,Port Augusta Renewable Energy Park - Solar,Large scale Solar PV,0.00
RRSF1,Ross River Solar Farm,Large scale Solar PV,0.00
RUGBYR1,Rugby Run Solar Farm,Large scale Solar PV,0.00
SMCSF1,Sun Metals Corporation Solar Farm,Large scale Solar PV,0.00
SUNRSF1,Sunraysia Solar Farm,Large scale Solar PV,0.00
SUNTPSF1,Suntop Solar Farm,Large scale Solar PV,0.00
SRSF1,Susan River Solar Farm,Large scale Solar PV,0.00
TBSF1,Tailem Bend Solar Farm,Large scale Solar PV,0.00
WARWSF1,Warwick Solar Farm - stage 1,Large scale Solar PV,0.00
WARWSF2,Warwick Solar Farm - stage 2,Large scale Solar PV,0.00
WELLSF1,Wellington Solar Farm,Large scale Solar PV,0.00
WEMENSF1,Wemen Solar Farm,Large scale Solar PV,0.00
WSTWYSF1,West Wyalong Solar Farm,Large scale Solar PV,0.00
WDGPH1,Western Downs Green Power Hub,Large scale Solar PV,0.00
WRSF1,White Rock Solar Farm,Large scale Solar PV,0.00
WHITSF1,Whitsunday Solar Farm,Large scale Solar PV,0.00
WINTSF1,Winton Solar Farm,Large scale Solar PV,0.00
WOOLGSF1,Woolooga Solar Farm,Large scale Solar PV,0.00
YARANSF1,Yarranlea Solar Farm,Large scale Solar PV,0.00
YATSF1,Yatpool Solar Farm,Large scale Solar PV,0.00
ARWF1,Ararat Wind Farm,Wind,0.00
BALDHWF1,Bald Hills Wind Farm,Wind,0.00
BANGOWF1,Bango 973 Wind Farm,Wind,0.00
BANGOWF2,Bango 999 Wind Farm,Wind,0.00
BRYB1WF1,Berrybank Wind Farm,Wind,0.00
BRYB2WF2,Berrybank Wind Farm,Wind,0.00
BOCORWF1,Boco Rock Wind Farm,Wind,0.00
BODWF1,Bodangora Wind Farm,Wind,0.00
BULGANA1,Bulgana Green Power Hub - Wind Farm,Wind,0.00
CNUNDAWF,Canunda Wind Farm,Wind,0.00
CAPTL_WF,Capital Wind Farm,Wind,0.00
CATHROCK,Cathedral Rocks Wind Farm,Wind,0.00
CTHLWF1,Cattle Hill Wind Farm,Wind,0.00
CHALLHWF,Challicum Hills Wind Farm,Wind,0.00
CHYTWF1,Cherry Tree Wind Farm,Wind,0.00
CLEMGPWF,Clements Gap Wind Farm,Wind,0.00
COLWF01,Collector Wind Farm,Wind,0.00
COOPGWF1,Coopers Gap Wind Farm,Wind,0.00
CROOKWF2,Crookwell 2 Wind Farm,Wind,0.00
CROWLWF1,Crowlands Wind Farm,Wind,0.00
CRURWF1,Crudine Ridge Wind Farm,Wind,0.00
CULLRGWF,Cullerin Range Wind Farm,Wind,0.00
DULAWF1,Dulacca Wind Farm,Wind,0.00
DUNDWF1,Dundonnell Wind Farm,Wind,0.00
DUNDWF2,Dundonnell Wind Farm,Wind,0.00
DUNDWF3,Dundonnell Wind Farm,Wind,0.00
ELAINWF1,Elaine Wind Farm,Wind,0.00
GRANWF1,Granville Harbour Wind Farm,Wind,0.00
GULLRWF1,Gullen Range Wind Farm,Wind,0.00
GULLRWF2,Gullen Range Wind Farm 2,Wind,0.00
GUNNING1,Gunning Wind Farm,Wind,0.00
NBHWF1,Hallett 4 North Brown Hill Wind Farm,Wind,0.00
BLUFF1,Hallett 5 The Bluff Wind Farm,Wind,0.00
HALLWF1,Hallett Stage 1 Brown Hill Wind Farm,Wind,0.00
HALLWF2,Hallett Stage 2 Hallett Hill Wind Farm,Wind,0.00
HDWF1,Hornsdale Wind Farm Stage 1,Wind,0.00
HDWF2,Hornsdale Wind Farm Stage 2,Wind,0.00
HDWF3,Hornsdale Wind Farm Stage 3,Wind,0.00
KIATAWF1,Kiata Wind Farm,Wind,0.00
LKBONNY1,Lake Bonney 1 Wind Farm,Wind,0.00
LKBONNY2,Lake Bonney 2 Wind Farm,Wind,0.00
LKBONNY3,Lake Bonney 3 Wind Farm,Wind,0.00
LGAPWF1,Lincoln Gap Wind Farm - stage 1,Wind,0.00
LGAPWF2,Lincoln Gap Wind Farm - stage 2,Wind,0.00
MACARTH1,Macarthur Wind Farm,Wind,0.00
MOORAWF1,Moorabool Wind Farm,Wind,0.00
MRTLSWF1,Mortlake South Wind Farm,Wind,0.00
MLWF1,Mortons Lane Wind Farm,Wind,0.00
MEWF1,Mount Emerald Wind Farm,Wind,0.00
MTMILLAR,Mount Millar Wind Farm,Wind,0.00
MERCER01,Mt Mercer Wind Farm,Wind,0.00
MUWAWF1,Murra Warra Wind Farm - stage 1,Wind,0.00
MUWAWF2,Murra Warra Wind Farm - stage 2,Wind,0.00
MUSSELR1,Musselroe Wind Farm,Wind,0.00
OAKLAND1,Oaklands Hill Wind Farm,Wind,0.00
PAREPW1,Port Augusta Renewable Energy Park - Wind,Wind,0.00
PORTWF,Portland Wind Farm,Wind,0.00
SALTCRK1,Salt Creek Wind Farm,Wind,0.00
SAPHWF1,Sapphire Wind Farm,Wind,0.00
STWF1,Silverton Wind Farm,Wind,0.00
SNOWNTH1,Snowtown S2 Wind Farm,Wind,0.00
SNOWSTH1,Snowtown S2 Wind Farm,Wind,0.00
SNOWTWN1,Snowtown Wind Farm,Wind,0.00
STARHLWF,Starfish Hill Wind Farm,Wind,0.00
STOCKYD1,Stockyard Hill Wind Farm,Wind,0.00
TARALGA1,Taralga Wind Farm,Wind,0.00
WATERLWF,Waterloo Wind Farm,Wind,0.00
WPWF,Wattle Point Wind Farm,Wind,0.00
WAUBRAWF,Waubra Wind Farm,Wind,0.00
WRWF1,White Rock Wind Farm - Stage 1,Wind,0.00
WGWF1,Willogoleche Wind Farm,Wind,0.00
WOODLWN1,Woodlawn Wind Farm,Wind,0.00
WOOLNTH1,Woolnorth Wind Farm,Wind,0.00
YSWF1,Yaloak South Wind Farm,Wind,0.00
YAMBUKWF,Yambuk Wind Farm,Wind,0.00
YENDWF1,Yendon Wind Farm,Wind,0.00
Tully Sugar Mill Biomass,Tully Sugar Mill Biomass,Biomass,17.54
HUNTER1,Hunter Power Station,OCGT,10.93
HUNTER2,Hunter Power Station,OCGT,10.93
Kidston Pumped Storage Hydro 1,Kidston ,Pumped Hydro (10hrs storage),0.00
Kidston Pumped Storage Hydro 2,Kidston ,Pumped Hydro (10hrs storage),0.00
SNO2PH01,Snowy 2.0,Pumped Hydro (1wk storage),0.00
SNO2PH02,Snowy 2.0,Pumped Hydro (1wk storage),0.00
SNO2PH03,Snowy 2.0,Pumped Hydro (1wk storage),0.00
SNO2PH04,Snowy 2.0,Pumped Hydro (1wk storage),0.00
SNO2PH05,Snowy 2.0,Pumped Hydro (1wk storage),0.00
SNO2PH06,Snowy 2.0,Pumped Hydro (1wk storage),0.00
ADPPV1,Adelaide Desalination Plant Solar Farm,Large scale Solar PV,0.00
AVLSF1,Avonlie Solar Farm,Large scale Solar PV,0.00
BLUEGSF1,Bluegrass Solar Farm,Large scale Solar PV,0.00
Broadsound Solar Farm,Broadsound Solar Farm,Large scale Solar PV,0.00
Bundaberg Solar Farm,Bundaberg Solar Farm,Large scale Solar PV,0.00
COHUNSF1,Cohuna Solar Farm,Large scale Solar PV,0.00
COLUMSF1,Columboola Solar Farm,Large scale Solar PV,0.00
CRWASF1,Corowa Solar Farm,Large scale Solar PV,0.00
Culcairn Solar Farm,Culcairn Solar Farm,Large scale Solar PV,0.00
EDENVSF1,Edenvale Solar Park,Large scale Solar PV,0.00
GANGARR1,Gangarri Solar Farm,Large scale Solar PV,0.00
GIRGSF,Girgarre Solar Farm,Large scale Solar PV,0.00
Goorambat East Solar Farm,Goorambat East Solar Farm,Large scale Solar PV,0.00
KEPSF1,Kennedy Energy Park Solar Farm,Large scale Solar PV,0.00
KINGASF1,Kingaroy Solar Farm,Large scale Solar PV,0.00
Lockhart Hybrid Facility - Solar,Lockhart Hybrid Facility - Solar,Large scale Solar PV,0.00
MANSF2,Mannum Solar Farm 2,Large scale Solar PV,0.00
METZSF1,Metz Solar Farm,Large scale Solar PV,0.00
QPSF,Quorn Park Solar Farm,Large scale Solar PV,0.00
Riverina Solar Farm,Riverina Solar Farm,Large scale Solar PV,0.00
SEBSF1,Sebastopol Solar Farm,Large scale Solar PV,0.00
Stubbo Solar Farm,Stubbo Solar Farm,Large scale Solar PV,0.00
TB2SF1,Tailem Bend Solar Farm - stage 2,Large scale Solar PV,0.00
Tilbuster Solar Farm,Tilbuster Solar Farm,Large scale Solar PV,0.00
WAGGNSF1,Wagga North Solar Farm,Large scale Solar PV,0.00
WLWLSF1,Walla Walla Solar Farm,Large scale Solar PV,0.00
WLWLSF2,Walla Walla Solar Farm,Large scale Solar PV,0.00
WANDSF1,Wandoan South Solar Farm - stage 1,Large scale Solar PV,0.00
WELNSF1,Wellington North Solar Farm (Lightsource),Large scale Solar PV,0.00
WOLARSF1,Wollar Solar Farm,Large scale Solar PV,0.00
WUNUSF1,Wunghnu Solar Farm,Large scale Solar PV,0.00
WYASF1,Wyalong Solar Farm,Large scale Solar PV,0.00
CLRKCWF1,Clarke Creek Wind Farm,Wind,0.00
CLRKCWF2,Clarke Creek Wind Farm,Wind,0.00
CROOKWF3,Crookwell 3 Wind Farm,Wind,0.00
FLYCRKWF,Flyers Creek Wind Farm,Wind,0.00
GPWFEST1,Golden Plains Wind Farm East,Wind,0.00
GPWFEST2,Golden Plains Wind Farm East,Wind,0.00
GPWFEST3,Golden Plains Wind Farm East,Wind,0.00
GSWF1A,Goyder South Wind Farm 1A,Wind,0.00
GSWF1B,Goyder South Wind Farm 1B,Wind,0.00
HD1WF1,Hawkesdale Wind Farm,Wind,0.00
KABANWF1,Kaban Green Power Hub - Wind Farm,Wind,0.00
KEPWF1,Kennedy Energy Park Wind Farm,Wind,0.00
MacIntyre Wind Farm,MacIntyre Wind Farm,Wind,0.00
MTGELWF1,Mt Gellibrand Wind Farm,Wind,0.00
RYANCWF1,Ryan Corner Wind Farm,Wind,0.00
Rye Park Wind Farm,Rye Park Wind Farm,Wind,0.00
Wambo Wind Farm,Wambo Wind Farm,Wind,0.00
Aldoga Solar Farm,Aldoga Solar Farm,Large scale Solar PV,0.00
Aramara Solar Farm,Aramara Solar Farm,Large scale Solar PV,0.00
Banksia Solar Farm,Banksia Solar Farm,Large scale Solar PV,0.00
Derby Solar Farm,Derby Solar Farm,Large scale Solar PV,0.00
Frasers Solar Farm,Frasers Solar Farm,Large scale Solar PV,0.00
Goulburn River Solar Farm,Goulburn River Solar Farm,Large scale Solar PV,0.00
Horsham Solar Farm,Horsham Solar Farm,Large scale Solar PV,0.00
Maryvale Solar Farm,Maryvale Solar Farm,Large scale Solar PV,0.00
Mortlake Energy Hub Solar Farm,Mortlake Energy Hub Solar Farm,Large scale Solar PV,0.00
Munna Creek Solar Farm,Munna Creek Solar Farm,Large scale Solar PV,0.00
New England Solar Farm 2,New England Solar Farm - Stage 2,Large scale Solar PV,0.00
Punch's Creek Renewable Energy Solar Farm,Punch's Creek Renewable Energy Solar Farm,Large scale Solar PV,0.00
GBWF1,Gawara Baya Wind Farm,Wind,0.00
Uungula Wind Farm,Uungula Wind Farm,Wind,0.00
Woolsthorpe Wind Farm,Woolsthorpe Wind Farm,Wind,0.00
BALB1,Ballarat Energy Storage System,Battery storage (1hr storage),0.00
BOWWBA1,Bolivar Waste Water Treatment BESS,Battery storage (2hrs storage),0.00
BBATTERY,Bouldercombe Battery project,Battery storage (2hrs storage),0.00
BULBES1,Bulgana Green Power Hub BESS,Battery storage (2hrs storage),0.00
DALNTH1,Dalrymple BESS,Battery storage (1hr storage),0.00
DPNTB1,Darlington Point Energy Storage System,Battery storage (2hrs storage),0.00
GANNB1,Gannawarra Energy Storage System,Battery storage (2hrs storage),0.00
HVWWBA1,Happy Valley Reservoir BESS,Battery storage (2hrs storage),0.00
HPR1,Hornsdale Power Reserve Unit 1,Battery storage (1hr storage),0.00
LBBG1,Lake Bonney BESS,Battery storage (2hrs storage),0.00
PIBESS1,Philip Island BESS,Battery storage (2hrs storage),0.00
QBYNB1,Queanbeyan BESS,Battery storage (2hrs storage),0.00
RANGEB1,Rangebank BESS,Battery storage (2hrs storage),0.00
RESS1G,Riverina Energy Storage System 1,Battery storage (2hrs storage),0.00
RIVNB2,Riverina Energy Storage System 2,Battery storage (2hrs storage),0.00
VBB1,Victorian Big Battery,Battery storage (2hrs storage),0.00
WALGRV1,Wallgrove Grid Battery project,Battery storage (2hrs storage),0.00
WANDB1,Wandoan South BESS,Battery storage (2hrs storage),0.00
ADPBA1,Adelaide Desalination Plant BESS,Battery storage (2hrs storage),0.00
BLYTHB1,Blyth BESS,Battery storage (2hrs storage),0.00
BHBG1,Broken Hill BESS,Battery storage (1hr storage),0.00
CAPBES1,Capital Battery,Battery storage (2hrs storage),0.00
CHBESSG1,Chinchilla BESS,Battery storage (2hrs storage),0.00
CBWWBA1,Christies Beach Wastewater Treatment Plant BESS,Battery storage (2hrs storage),0.00
Clements Gap BESS,Clements Gap BESS,Battery storage (2hrs storage),0.00
Eraring Big Battery,Eraring Big Battery,Battery storage (2hrs storage),0.00
GREENB1,Greenbank BESS,Battery storage (2hrs storage),0.00
HBESS1,Hazelwood BESS,Battery storage (1hr storage),0.00
Koorangie Energy Storage System,Koorangie Energy Storage System,Battery storage (2hrs storage),0.00
LaTrobe Valley BESS,LaTrobe Valley BESS,Battery storage (2hrs storage),0.00
Liddell BESS,Liddell BESS,Battery storage (4hrs storage),0.00
Lockhart Hybrid Facility - Battery,Lockhart Hybrid Facility - Battery,Battery storage (2hrs storage),0.00
Melbourne Renewable Energy Hub - Side A,Melbourne Renewable Energy Hub - Side A,Battery storage (2hrs storage),0.00
QPBESS,Quorn Park BESS,Battery storage (2hrs storage),0.00
TB2BG1,Tailem Bend Battery Project,Battery storage (2hrs storage),0.00
Tarong BESS,Tarong BESS,Battery storage (1hr storage),0.00
Templers BESS,Templers BESS,Battery storage (2hrs storage),0.00
TIB1,Torrens Island BESS,Battery storage (1hr storage),0.00
ULBESS,Ulinda Park BESS,Battery storage (2hrs storage),0.00
WTAHB1,Waratah Super Battery,Battery storage (2hrs storage),0.00
WDBESS1,Western Downs Battery,Battery storage (1hr storage),0.00
Aldoga BESS Stage 1,Aldoga BESS Stage 1,Battery storage (1hr storage),0.00
Brendale BESS,Brendale BESS,Battery storage (2hrs storage),0.00
Bungama Solar BESS,Bungama Solar BESS,Battery storage (2hrs storage),0.00
Eraring Big Battery 2,Eraring Big Battery 2,Battery storage (2hrs storage),0.00
GBBATT1,Gawara Baya Wind Farm BESS,Battery storage (2hrs storage),0.00
Gnarwarre BESS,Gnarwarre BESS,Battery storage (2hrs storage),0.00
Limondale BESS,Limondale BESS,Battery storage (8hrs storage),0.00
LGAPBS1,Lincoln Gap Wind Farm BESS,Battery storage (1hr storage),0.00
Mannum BESS,Mannum BESS,Battery storage (2hrs storage),0.00
Maryvale Solar Farm BESS,Maryvale Solar Farm BESS,Battery storage (2hrs storage),0.00
Mortlake Battery,Mortlake Battery,Battery storage (2hrs storage),0.00
Mortlake Energy Hub BESS,Mortlake Energy Hub BESS,Battery storage (2hrs storage),0.00
Mt Fox BESS,Mt Fox BESS,Battery storage (2hrs storage),0.00
New England Solar Farm BESS,New England Solar Farm BESS,Battery storage (1hr storage),0.00
ORANA,Orana BESS,Battery storage (4hrs storage),0.00
Richmond Valley BESS,Richmond Valley BESS,Battery storage (8hrs storage),0.00
Silver City Energy Storage,Silver City Energy Storage,Battery storage (8hrs storage),0.00
Smithfield BESS,Smithfield BESS,Battery storage (2hrs storage),0.00
Stanwell BESS,Stanwell BESS,Battery storage (2hrs storage),0.00
Swanbank BESS,Swanbank BESS,Battery storage (2hrs storage),0.00
TRGBESS,Terang BESS,Battery storage (2hrs storage),0.00
Wooreen Energy Storage System,Wooreen Energy Storage System,Battery storage (4hrs storage),0.00
Kogan Gas,Brigalow GT,OCGT,10.93
Fulham Solar Farm,Fulham Solar Farm,Large scale Solar PV,0.00
Solar River Solar Farm,Solar River Solar Farm,Large scale Solar PV,0.00
Coppabella Wind Farm,Coppabella Wind Farm,Wind,0.00
Derby Solar Project BESS,Derby Solar Project BESS,Battery storage (2hrs storage),0.00
Fulham Solar Farm BESS,Fulham Solar Farm BESS,Battery storage (1hr storage),0.00
Goulburn River BESS,Goulburn River BESS,Battery storage (8hrs storage),0.00
Hallett BESS,Hallett BESS,Battery storage (4hrs storage),0.00
Horsham Solar Farm BESS,Horsham Solar Farm BESS,Battery storage (2hrs storage),0.00
Limestone Coast West BESS,Limestone Coast West BESS,Battery storage (2hrs storage),0.00
Solar River Solar Farm BESS,Solar River Solar Farm BESS,Battery storage (4hrs storage),0.00
Springvale Energy Hub BESS,Springvale Energy Hub BESS,Battery storage (2hrs storage),0.00
Mornington BESS,Mornington BESS,Battery storage (2hrs storage),0.00
Tamworth BESS,Tamworth BESS,Battery storage (2hrs storage),0.00
Tamworth BESS 2,Tamworth BESS,Battery storage (2hrs storage),0.00
QEJP - Borumba,QEJP - Borumba,Pumped Hydro (24hrs storage),0.00
Broadsound BESS,Broadsound BESS,Battery storage (2hrs storage),0.00
Calala BESS 1,Calala BESS 1,Battery storage (2hrs storage),0.00
Calala BESS 2,Calala BESS 2,Battery storage (2hrs storage),0.00
Glanmire Solar Farm BESS,Glanmire Solar Farm BESS,Battery storage (2hrs storage),0.00
Ravenswood BESS,Ravenswood BESS,Battery storage (4hrs storage),0.00
Bullyard Solar Farm,Bullyard Solar Farm,Large scale Solar PV,0.00
Glanmire Solar Farm,Glanmire Solar Farm,Large scale Solar PV,0.00
Ravenswood Solar Farm,Ravenswood Solar Farm,Large scale Solar PV,0.00
Lockyer Valley GT,Lockyer Valley GT,OCGT,10.65
Boulder Creek Wind Farm,Boulder Creek Wind Farm,Wind,0.00
Inverleigh Wind Farm,Inverleigh Wind Farm,Wind,0.00
Port Latta Wind Farm,Port Latta Wind Farm,Wind,0.00
Valley of the Winds Wind Farm,Valley of the Winds,Wind,0.00
Woolooga BESS,Woolooga BESS,Battery storage (2hrs storage),0.00
Supernode BESS 1,Supernode BESS 1,Battery storage (4hrs storage),0.00
Supernode BESS 2,Supernode BESS 2,Battery storage (4hrs storage),0.00
Golden Plains West Wind Farm,Golden Plains West Wind Farm,Wind,0.00
Lotus Creek Wind Farm,Lotus Creek Wind Farm,Wind,0.00
Barnawartha Solar Farm BESS,Barnawartha Solar Farm BESS,Battery storage (2hrs storage),0.00
Barwon Solar Farm BESS,Barwon Solar Farm BESS,Battery storage (2hrs storage),0.00
Bungama BESS,Bungama BESS,Battery storage (2hrs storage),0.00
Elaine Solar Farm BESS,Elaine Solar Farm BESS,Battery storage (2hrs storage),0.00
Ganymirra Solar Power Station BESS,Ganymirra Solar Power Station BESS,Battery storage (2hrs storage),0.00
Junction Rivers Wind Farm BESS,Junction Rivers Wind Farm BESS,Battery storage (4hrs storage),0.00
Majors Creek Solar Power Station BESS,Majors Creek Power Station BESS,Battery storage (4hrs storage),0.00
West Mokoan Solar Farm BESS,West Mokoan Solar Farm BESS,Battery storage (4hrs storage),0.00
Griffith BESS,Griffith BESS,Battery storage (8hrs storage),0.00
Stoney Creek BESS,Stoney Creek BESS,Battery storage (8hrs storage),0.00
Barnawartha Solar Farm,Barnawartha Solar Farm,Large scale Solar PV,0.00
Barwon Solar Farm,Barwon Solar Farm,Large scale Solar PV,0.00
Campbells Forest Solar Farm,Campbells Forest Solar Farm,Large scale Solar PV,0.00
Elaine Solar Farm,Elaine Solar Farm,Large scale Solar PV,0.00
Ganymirra Solar Power Station,Ganymirra Solar Power Station,Large scale Solar PV,0.00
Hopeland Solar Farm,Hopeland Solar Farm,Large scale Solar PV,0.00
Majors Creek Solar Power Station,Majors Creek Power Station,Large scale Solar PV,0.00
Sandy Creek Solar Farm,Sandy Creek Solar Farm,Large scale Solar PV,0.00
Sandy Creek BESS,Sandy Creek BESS,Battery storage (4hrs storage),0.00
West Mokoan Solar Farm,West Mokoan Solar Farm,Large scale Solar PV,0.00
Phoenix Pumped Hydro Project,Phoenix Pumped Hydro Project,Pumped Hydro (10hrs storage),0.00
Goyder North Wind Farm,Goyder North Wind Farm,Wind,0.00
Junction Rivers Wind Farm,Junction Rivers Wind Farm,Wind,0.00
Kentbruck Green Power Hub Wind Farm,Kentbruck Green Power Hub Wind Farm,Wind,0.00
Palmer Wind Farm,Palmer Wind Farm,Wind,0.00
Spicers Creek Wind Farm,Spicers Creek Wind Farm,Wind,0.00
Thunderbolt Wind Farm,Thunderbolt Wind Farm,Wind,0.00
Haughton Solar Farm Stage 2,Haughton Solar Farm Stage 2,Large scale Solar PV,0.00
Lancaster Solar Farm,Lancaster Solar Farm,Large scale Solar PV,0.00
Bennetts Creek BESS,Bennetts Creek BESS,Battery storage (2hrs storage),0.00
Northern Midlands Solar Farm,Northern Midlands Solar Farm,Large scale Solar PV,0.00
Hay Sun Farm,Hay Sun Farm,Large scale Solar PV,0.00
MOKOSF1,Mokoan Solar Farm,Large scale Solar PV,0.00
Kiamal BESS,Kiamal BESS,Battery storage (4hrs storage),0.00
Pine Lodge BESS,Pine Lodge BESS,Battery storage (2hrs storage),0.00
